{
	"swingAngle": 0.29153514,
	"swingSpeed": 0.53075826
}